Group Name,A/c name,wing,unit,Debit,Credit,Penalty 
Administrative Expenses,Audit fees,,,100,,
Administrative Expenses,Bank charges,,,,100,
Administrative Expenses,Cable TV expenses,,,100,,
Administrative Expenses,Computer & sofware expenses,,,,100,
Administrative Expenses,Cultural / Festival expenses,,,100,,
Administrative Expenses,Depreciation,,,,100,
Administrative Expenses,Insurance charges,,,100,,
Administrative Expenses,Interest expenses,,,,100,
Administrative Expenses,Legal & Professional Charges,,,100,,
Administrative Expenses,Meeting & Welfare expenses,,,,100,
Administrative Expenses,Miscellaneous expenses,,,100,,
Administrative Expenses,Postage & Courier charges,,,,100,
Administrative Expenses,Printing & Stationery charges,,,100,,
Administrative Expenses,Reversals & Adjustments,,,,100,
Administrative Expenses,Salaries,,,100,,
Administrative Expenses,Staff welfare expenses,,,,100,
Administrative Expenses,Subscription charges,,,100,,
Administrative Expenses,Sundry Balances Written Off,,,,100,
Administrative Expenses,Telecom & Internet expenses,,,100,,
Administrative Expenses,Traveling & conveyance expenses,,,,100,
Capital Account,Application Money,,,100,,
Capital Account,Share Capital,,,,100,
Contribution from Members,CIDCO Service charges,,,100,,
Contribution from Members,Cheque Return charges,,,,100,
Contribution from Members,Cultural Fund contribution,,,100,,
Contribution from Members,Electricity Charges,,,,100,
Contribution from Members,Insurance Charges,,,100,,
Contribution from Members,Interest from members,,,,100,
Contribution from Members,LAT Charges,,,100,,
Contribution from Members,Lease Rent,,,,100,
Contribution from Members,Maintenance charges,,,100,,
Contribution from Members,Muncipal Tax,,,,100,
Contribution from Members,Municipal Taxes,,,100,,
Contribution from Members,Non Occupancy Charges,,,,100,
Contribution from Members,Parking Charges,,,100,,
Contribution from Members,Repair Fund,,,,100,
Contribution from Members,Repair and Renovation Fund,,,100,,
Contribution from Members,Sinking Fund,,,,100,
Contribution from Members,Water Charges,,,100,,
Contribution from Members,Welfare Fund,,,,100,
Current Assets,Accrued Interest,,,100,,
Current Assets,Advance given to Vendors,,,,100,
Current Assets,Cash-in-hand,,,100,,
Current Assets,Stock / Inventories,,,,100,
Current Assets,Sundry Debtors,,,100,,
Current Assets,Sundry Debtors Control A/c,,,,100,
Current Liabilities,Advance from Members,,,100,,
Current Liabilities,Advances & Security Deposits taken,,,,100,
Current Liabilities,Contribution for Conveyance Deed,,,100,,
Current Liabilities,Provisions,,,,100,
Current Liabilities,Retention A/c,,,100,,
Current Liabilities,Service Tax payable,,,,100,
Current Liabilities,Tax deducted at source (TDS payable),,,100,,
Fixed Assets,Accumulated Depreciation,,,,100,
Fixed Assets,Building,,,100,,
Fixed Assets,Club Center Equipments,,,,100,
Fixed Assets,Computers,,,100,,
Fixed Assets,Furniture & Fixtures,,,,100,
Fixed Assets,Gym Equipments,,,100,,
Fixed Assets,Income & Expenditure A/c,,,,100,
Fixed Assets,Land,,,100,,
Fixed Assets,Office Equipments,,,,100,
Fixed Assets,Plant & Machinery,,,100,,
Fixed Assets,Power Back up & Generator,,,,100,
Fixed Assets,Printer,,,100,,
Fixed Assets,Surveillance & Security Systems,,,,100,
Fixed Assets,Vehicles,,,100,,
Investments,Deposits with Electricity Cos,,,,100,
Investments,Deposits with Water Supply Cos,,,100,,
Investments,Fixed Deposits,,,,100,
Investments,Mutual Funds,,,100,,
Investments,Shares of Federation,,,,100,
Other Income,Advertising Income,,,100,,
Other Income,Income from Advertising & events,,,,100,
Other Income,Interest from  Fixed deposits,,,100,,
Other Income,Interest from saving bank accounts,,,,100,
Other Income,Miscellaneous income,,,100,,
Other Income,Mobile tower rent,,,,100,
Repairs & Maintenance,Building R&M,,,100,,
Repairs & Maintenance,Club / Recreation Center expenses,,,,100,
Repairs & Maintenance,Electrical R&M,,,100,,
Repairs & Maintenance,Fire & Safety expenses,,,,100,
Repairs & Maintenance,Garden / Lawn expenses,,,100,,
Repairs & Maintenance,General Repairs & Maintenance,,,,100,
Repairs & Maintenance,Gymnasium R&M,,,100,,
Repairs & Maintenance,House keeping charges,,,,100,
Repairs & Maintenance,Lifts & Elevators - R&M,,,100,,
Repairs & Maintenance,Pest control,,,,100,
Repairs & Maintenance,Plumbing - R&M,,,100,,
Repairs & Maintenance,Power back & generator - R&M,,,,100,
Repairs & Maintenance,Security charges,,,100,,
Repairs & Maintenance,Swimming pool - R&M,,,,100,
Reserve & Surplus,Entrance Fees (Reserves),,,100,,
Reserve & Surplus,Major Repairs Fund (Reserves),,,,100,
Reserve & Surplus,Membership premium (Reserves),,,100,,
Reserve & Surplus,Reserve Fund Seed Money,,,,100,
Reserve & Surplus,Sinking Fund (Reserves),,,100,,
Reserve & Surplus,Transfer Charges (Reserves),,,,100,
Taxes & Utilities,Electricity Expenses,,,100,,
Taxes & Utilities,Property Tax,,,,100,
Taxes & Utilities,Water charges,,,100,,
Members Control Accounts,Varier Muralidharan & Shreelatha E.,A,101,200,,100
Members Control Accounts,Sujit Biswanath Panda & Vinanti S.Panda,A,102,,300,
Members Control Accounts,Navneet Priya Goyal,A,103,200,,100
Members Control Accounts,Inderjeet Kumar Pandey,A,104,,300,
Members Control Accounts,Sanjiv Kumar Dutta,A,201,200,,100
Members Control Accounts,Anand Kumar Singh,A,202,,300,
Members Control Accounts,Phalle Vikas Mahadeo,A,203,200,,100
Members Control Accounts,Manish Puri & Shashi Puri,A,204,,300,
Members Control Accounts,Amit Khandelwal,A,301,200,,100
Members Control Accounts,N.S.Nagraj & K.N.Geeta,A,302,,300,
Members Control Accounts,Rupali Ashish Karnik & Ashish S. Karnik,A,303,200,,100
Members Control Accounts,Manish Agarwal,A,304,,300,
Members Control Accounts,Pramod Dogra,A,401,200,,100
Members Control Accounts,Neena Shailendra Tiwari,A,402,,300,
Members Control Accounts,Bhagwan R. Pawar & Sumitra B.Pawar,A,403,200,,100
Members Control Accounts,Ruby Kumari & Pankaj Kumar,A,404,,300,
Members Control Accounts,Nandan Kumar Nag & Aparna Nag,A,501,200,,100
Members Control Accounts,Nutan Dubey & Manoj Kumar Dubey,A,502,,300,
Members Control Accounts,Petwal Lakhiram Rameshwar,A,503,200,,100
Members Control Accounts,Kishore Kumar Agarwal & Archana Agawal,A,504,,300,
Members Control Accounts,Afzal Ali Mohmmed Latif & Saba Afzal Latif,A,601,200,,100
Members Control Accounts,Dr. Ghazala Khan & Meer Liakat,A,602,,300,
Members Control Accounts,Archana Chauhan & Munni Chauhan,A,603,200,,100
Members Control Accounts,Sanjay Chandra Verma & Ekta S.Verma,A,604,,300,
Members Control Accounts,Javed L.Chunawala & Meena J.Chunawala,B,101,200,,100
Members Control Accounts,Balanatarajan K.,B,102,,300,
Members Control Accounts,K.M. Thomas,B,103,200,,100
Members Control Accounts,V.S. Premarajan,B,104,,300,
Members Control Accounts,Neeraj Singhal & Swati Singhal,B,201,200,,100
Members Control Accounts,Sajendra Oraon & Bhagyashree Naik,B,202,,300,
Members Control Accounts,Karan Singh & Vimlesh Singh,B,203,200,,100
Members Control Accounts,Leeladhar Singh,B,204,,300,
Members Control Accounts,Navalkishore N. Kadwani & Poonam N.Kadwani,B,301,200,,100
Members Control Accounts,Uday Narayan & Aradhana Mondal,B,302,,300,
Members Control Accounts,Virendra Singh,B,303,200,,
Members Control Accounts,Rajkumar A.Jhawar & Shobha Jhawar,B,304,,300,
Members Control Accounts,Rajesh A.Kelkar,B,401,200,,
Members Control Accounts,Jaspal Singh Sandhu,B,402,,300,
Members Control Accounts,Harshwardhan & Kavita Srivastava,B,403,200,,
Members Control Accounts,Sunit Kumar Tiwari,B,404,,300,
Members Control Accounts,Vikas Vaze & Vaishali V.Vaze,B,501,200,,
Members Control Accounts,Ravindra M.Punjabi,B,502,,300,
Members Control Accounts,Kalyan K. Nag,B,503,200,,
Members Control Accounts,Pravin Mohan Pillai,B,504,,300,
Members Control Accounts,Ravi Kumar Rastogi,B,601,200,,
Members Control Accounts,Narendra Y.Mahulkar & Yeshwant V. Mahulkar,B,602,,300,
Members Control Accounts,Shrish Kumar,B,603,200,,
Members Control Accounts,Shriram Govind Rahalkar & Neela Rahalkar,C,101,,300,
Members Control Accounts,Madhubala & Dr. Harry & Rosie & Russell,C,102,200,,
Members Control Accounts,Wahid Ismail Kazi & Jainabi W.Kazi,C,201,,300,
Members Control Accounts,Amol Vinod Palande,C,202,200,,
Members Control Accounts,Yogesh Keshav Uttekar.,C,203,,300,
Members Control Accounts,Ramesh Kumar Arora,C,204,200,,
Members Control Accounts,Kalpana Sharad Mohite & Sharad G.Mohite,C,301,,300,
Members Control Accounts,Shubhash M.Bhaumik & Vanitha Datta Bhaumik,C,302,200,,
Members Control Accounts,Raghuraman Krishnan,C,303,,300,
Members Control Accounts,Dhanbir Singh Kohli,C,304,200,,
Members Control Accounts,Tandra Chatterjee & Pabitra Chatterjee,C,401,,300,
Members Control Accounts,Robins Raphael Kattukaran,C,402,200,,
Members Control Accounts,Chandra Shekhar Shukla & Kalawati Shukla,C,403,,300,
Members Control Accounts,S.Ramesh,C,404,200,,
Members Control Accounts,Umesh Vermaj,C,501,,300,
Members Control Accounts,Vivekanand P. Gaonkar,C,502,200,,
Members Control Accounts,Kamlesh R Hingorani,C,503,,300,
Members Control Accounts,Dr. O.P.Zha & Bibha Jha,C,504,200,,
Members Control Accounts,Vijay Pratap Rai,C,601,,300,
Members Control Accounts,Chandrasekhar Vemuri,C,602,200,,
Members Control Accounts,Vasant J Pokharkar,C,603,,300,
Members Control Accounts,Ganesh Ramani & Roopa Ganesh,C,604,200,,
Members Control Accounts,Siddharth Shankar Sarkar & Shanta Sarkar,C,701,,300,
Members Control Accounts,Mahavir Harakchand Balai,C,702,200,,
Members Control Accounts,Rakesh Prasad & Nidhi Prasad,C,703,,300,
Members Control Accounts,Renuka Srivastava & Alok Srivastava,C,704,200,,
Members Control Accounts,Narendra Mohan Verma & Sheila Verma,C,801,,300,
Members Control Accounts,Pramod P.Gaikwad,C,802,200,,
Members Control Accounts,Dnyaneshwar S. Rindhe,C,803,,300,
Members Control Accounts,Mirza Chhotey Nawab,C,804,200,,
Members Control Accounts,Venkateshan Mudliar,C,901,,300,
Members Control Accounts,Kunal Bhattacharya,C,902,200,,
Members Control Accounts,Mohmed Rashid Ali Ansari,C,903,,300,
Members Control Accounts,Amit Kumar Keshar,C,904,200,,
Members Control Accounts,Tapan Kumar Ghosh,C,1001,,300,
Members Control Accounts,Dr. R.S.A. Williams,C,1002,200,,
Members Control Accounts,Rakesh Kumar Lal & Minali Lal,C,1003,,300,
Members Control Accounts,Ismatbanu Modak & Aiyaz Amiruddin Modak,C,1004,200,,
Members Control Accounts,Saurabh Kumar Arya,C,1101,,300,
Members Control Accounts,K.P.Venugoal & Sajith Venugopal,C,1102,200,,
Members Control Accounts,Vikas Yadav,C,1103,,300,
Members Control Accounts,Prashant H Deshpande & Sheetal Deshpande,C,1104,200,,
Members Control Accounts,Shashi Kumar & Kiran Singh,C,1201,,300,
Members Control Accounts,Sunil Sabharwal & Sumedha Sabharwal,C,1202,200,,
Members Control Accounts,Avadhut Dhage & Pallavi Dhage,C,1203,,300,
Members Control Accounts,Alankar Sawai,C,1204,200,,
Members Control Accounts,Dinesh Kumar,C,1301,,300,
Members Control Accounts,R.Shriram,C,1302,200,,
Members Control Accounts,Umesh Premnarayan Chauve,C,1303,,300,
Members Control Accounts,Mohmmed Salim Akbar,C,1304,200,,
Members Control Accounts,Sumesh Kumar,C,1401,,300,
Members Control Accounts,V.V.Chandrashekhar & Shubhra S.Rao,C,1402,200,,
Members Control Accounts,Gurudev M.Yadwadkar & Achla G.Yadwadkar,C,1403,,300,
Members Control Accounts,Rajiv P.Kulkarni,C,1404,200,,
Members Control Accounts,Rajnish Kanwar & Rakash Pal Singh,C,1501,,300,
Members Control Accounts,George Mathew,C,1502,200,,
Members Control Accounts,Shiladitya Bhattacharya,C,1503,,300,
Members Control Accounts,Binod Kumar Murmu,C,1504,200,,
Members Control Accounts,Kshattriya Anurag Vinod,C,1601,,300,
Members Control Accounts,Garima Arora,C,1602,200,,
Members Control Accounts,Sanjiv Kulkarni,C,1603,,300,
Members Control Accounts,Rujuta Bhalaria & Janak Bhalaria,C,1604,200,,
Members Control Accounts,Dhruba Jyoti Biswas,C,1701,,300,
Members Control Accounts,N.M. Mathew,C,1702,200,,
Members Control Accounts,Anmol Singh,C,1703,,300,
Members Control Accounts,Dr. Anjali Vijay Kamble,C,1704,200,,
Members Control Accounts,Shrikant Anant Khair,C,1801,,300,
Members Control Accounts,Sukumar Santosh,C,1802,200,,
Members Control Accounts,Aranha Hensan Charles,C,1803,,300,
Members Control Accounts,Budhaditta Bose,C,1804,200,,
Members Control Accounts,Ritu Kapoor & Suchit Kapoor,C,1901,,300,
Members Control Accounts,Poonam Dutta,C,1902,200,,
Members Control Accounts,Nirmal Kumar M & Indumati Nirmal Kumar,C,1903,,300,
Members Control Accounts,Abhav Keshao Pandey,C,1904,200,,
Members Control Accounts,Padmashri V.Mohulkar & Vikram M.Mohulkar,D,101,,300,
Members Control Accounts,Amaresh Kumar Ram & Ranjeeta Prasad,D,102,200,,
Members Control Accounts,Ashwin Moholkar,D,103,,300,
Members Control Accounts,Ashwin Moholkar,D,104,200,,
Members Control Accounts,Maushmi Bhattacharya,D,201,,300,
Members Control Accounts,Yogesh Keshav Uttekar.,D,202,200,,
Members Control Accounts,Manoj Bhaskaran,D,203,,300,
Members Control Accounts,Jitendra S Negi & Ritu Negi,D,204,200,,
Members Control Accounts,Idris Fazal Hussain Petiwala,D,301,,300,
Members Control Accounts,Gopal Agarwal & Sunita Agarwal,D,302,200,,
Members Control Accounts,Kartik Chandra Singh & Rita Singh,D,303,,300,
Members Control Accounts,Praveen Prabhu & Supreetha Prabhu,D,304,200,,
Members Control Accounts,Ramraj Dwivedi,D,401,,300,
Members Control Accounts,Subbarao L.V.,D,402,200,,
Members Control Accounts,Ravi Sodhani & Uma Sodhani,D,403,,300,
Members Control Accounts,Avinash Chandrakant Pawar,D,404,200,,
Members Control Accounts,Sameer Jitendra Kanwar & Gitanjali S.Kanwar,D,501,,300,
Members Control Accounts,Yogendra Singh Rathore,D,502,200,,
Members Control Accounts,Sunil Pravin Almeda,D,503,,300,
Members Control Accounts,Rajesh Kumar Singh & Pushpa R K Singh,D,504,200,,
Members Control Accounts,Narasimha Murthy,D,601,,300,
Members Control Accounts,Devnarayan Shriwas,D,602,200,,
Members Control Accounts,Dheeraj Kumar,D,603,,300,
Members Control Accounts,Abdul Halim Abdul Rehman,E,101,200,,
Members Control Accounts,Jagveer Singh Grewal,E,102,,300,
Members Control Accounts,K. V. Krishna Rajendra,E,103,200,,
Members Control Accounts,Chandra Kumar Srivastava,E,104,,300,
Members Control Accounts,Praful Rajaram Pol & Kshitija Praful Pol,E,201,200,,
Members Control Accounts,Dattatraya Baban Yewale & Usha D Yewale,E,202,,300,
Members Control Accounts,Arun Nair,E,203,200,,
Members Control Accounts,Arvind Thaploo & Neeru Thaploo,E,204,,300,
Members Control Accounts,Virendra Arte,E,301,200,,
Members Control Accounts,P V Rajesh,E,302,,300,
Members Control Accounts,Sachindra Kumar Pathak & Kusum Pathak,E,303,200,,
Members Control Accounts,N P Sundar & Shanta Sundar,E,304,,300,
Members Control Accounts,Suresh Ganpati Gaikwad,E,401,200,,
Members Control Accounts,Mahesh Kumar Raghuvanshi,E,402,,300,
Members Control Accounts,Jagjeet Singh Khandpur,E,403,200,,
Members Control Accounts,Paul Truman & Violet Truman,E,404,,300,
Members Control Accounts,K M Sanjeev,E,501,200,,
Members Control Accounts,Priti Kotak Shah & Manoj M Shah,E,502,,300,
Members Control Accounts,Ravindra Patangrao Shinde,E,503,200,,
Members Control Accounts,Sachin Gupta & Rashmi Gupta,E,504,,300,
Members Control Accounts,Rajvir Dubey,E,601,200,,
Members Control Accounts,Prabhat Kumar Azad,E,602,,300,
Members Control Accounts,Sandeep Singh Sawhney,E,603,200,,
Members Control Accounts,Kalpadish J.Sharan & Kalpana J.Sharan,Shop,1,,300,
Members Control Accounts,Bipin Chokshi & Neeta Chokshi,Shop,2,200,,
Members Control Accounts,Virendra Moholkar,Shop,3,,300,
Members Control Accounts,Virendra Moholkar,Shop,4,200,,
Members Control Accounts,Dhirajlal N.Vora & Ashish D.Vora,Shop,5,,300,
Members Control Accounts,Mamta Arun Kumar Mishra,Shop,6,200,,
Members Control Accounts,Sanjeev Gupta,Shop,7,,300,
Members Control Accounts,Sanjeev Gupta,Shop,8,200,,
Members Control Accounts,Anmol Singh,Shop,9,,300,
Members Control Accounts,Haridas Agarwal,Shop,10,200,,
Members Control Accounts,Anand Swarup Gupta,Shop,11,,300,
Members Control Accounts,Sunita Praveen Agarwal,Shop,12,200,,
Members Control Accounts,Sonnal Sanjiv Aggarwal (HUF),Shop,13,,300,
Members Control Accounts,Mayur Shah & Sonali M Shah,Shop,14,200,,
Members Control Accounts,Mohit Inder Chawla & Inder Kumar Chawla,Shop,15,,300,
Members Control Accounts,Jaya Ramesh Sabhani & Ramesh B.Sabhani,Shop,16,200,,
Members Control Accounts,L G Nagnat & Abhijit D. Hotkar,Shop,17,,300,
Members Control Accounts,Vijaylatha Dattatray Hotkar,Shop,18,200,,
Bank Accounts,SBI,,,7000,,
